{"AD_score": 4966.847589893455, "KE_score": 0.11377316413475778}