{"AD_score": 3904.623001688894, "KE_score": 0.11006974500298675}