{"AD_score": 2979.4982409037993, "KE_score": 0.14539388559369396}