{"AD_score": 1174.924448745146, "KE_score": 0.01656786818529383}