{"AD_score": 505.9807539000512, "KE_score": 0.01629703425053499}